City_ID,City,Country,Date,Lat,Lng,Max Temp,Humidity,Cloudiness,Wind Speed
0,Severo-Kurilsk,RU,2020-10-23 17:59:50,50.68,156.12,45.32,82,100,24.0
1,Port Alfred,ZA,2020-10-23 17:59:52,-33.59,26.89,73.08,77,71,3.74
2,Ushuaia,AR,2020-10-23 17:59:52,-54.8,-68.3,48.2,57,40,4.7
3,Rikitea,PF,2020-10-23 17:59:52,-23.12,-134.97,73.9,78,41,4.9
4,North Bend,US,2020-10-23 17:59:52,43.41,-124.22,54.0,87,1,8.05
5,Hithadhoo,MV,2020-10-23 17:59:53,-0.6,73.08,82.72,77,6,11.99
6,High Level,CA,2020-10-23 17:59:53,58.52,-117.14,19.4,85,75,5.82
7,Torbay,CA,2020-10-23 17:59:53,47.67,-52.73,46.0,64,75,9.17
8,Vaini,TO,2020-10-23 17:59:53,-21.2,-175.2,71.6,88,20,6.93
9,Bubaque,GW,2020-10-23 17:59:54,11.28,-15.83,85.46,71,20,10.38
10,Bredasdorp,ZA,2020-10-23 17:59:54,-34.53,20.04,68.0,82,30,6.93
11,Arraial Do Cabo,BR,2020-10-23 17:59:54,-22.97,-42.03,78.8,61,0,17.22
12,Daru,PG,2020-10-23 17:59:55,-9.08,143.21,78.62,83,44,9.37
13,Karlskrona,SE,2020-10-23 17:59:56,56.16,15.59,51.8,87,75,4.7
14,Faanui,PF,2020-10-23 17:59:56,-16.48,-151.75,78.62,76,67,10.85
15,Nhulunbuy,AU,2020-10-23 17:59:56,-12.23,136.77,78.8,83,40,6.93
16,Pevek,RU,2020-10-23 17:59:56,69.7,170.31,26.67,95,1,13.02
17,Port Elizabeth,ZA,2020-10-23 17:59:57,-33.92,25.57,66.2,93,20,17.22
18,Grand Gaube,MU,2020-10-23 17:59:57,-20.01,57.66,73.0,70,39,1.99
19,Busselton,AU,2020-10-23 17:59:57,-33.65,115.33,55.0,40,0,13.27
20,Turriff,GB,2020-10-23 17:59:58,57.54,-2.46,46.99,81,40,3.36
21,Fortuna,US,2020-10-23 17:59:58,40.6,-124.16,55.0,71,1,5.95
22,Bethel,US,2020-10-23 17:59:58,41.37,-73.41,64.99,88,90,6.93
23,Alofi,NU,2020-10-23 17:59:59,-19.06,-169.92,73.4,100,100,10.29
24,Hofn,IS,2020-10-23 17:59:59,64.25,-15.21,42.8,93,90,19.46
25,Plettenberg Bay,ZA,2020-10-23 17:59:59,-34.05,23.37,65.64,90,42,6.33
26,Mar Del Plata,AR,2020-10-23 17:59:14,-38.0,-57.56,62.6,82,75,8.05
27,Barrow,US,2020-10-23 18:00:00,71.29,-156.79,32.0,98,90,6.93
28,Kruisfontein,ZA,2020-10-23 18:00:00,-34.0,24.73,70.0,81,1,7.0
29,Bluff,NZ,2020-10-23 17:58:51,-46.6,168.33,50.47,73,95,14.03
30,San Ramon,US,2020-10-23 17:55:40,37.78,-121.98,64.0,67,40,1.95
31,Cape Town,ZA,2020-10-23 17:59:17,-33.93,18.42,69.01,88,75,9.17
32,Ostersund,SE,2020-10-23 18:00:01,63.18,14.64,33.8,80,0,12.75
33,Coquimbo,CL,2020-10-23 17:58:04,-29.95,-71.34,55.4,82,90,10.29
34,Tarui,JP,2020-10-23 18:00:03,35.37,136.53,39.99,97,2,11.99
35,Taoudenni,ML,2020-10-23 18:00:04,22.68,-3.98,91.04,11,0,4.21
36,Thompson,CA,2020-10-23 18:00:05,55.74,-97.86,21.2,73,90,10.29
37,Qarqin,AF,2020-10-23 18:00:06,37.42,66.04,51.21,44,0,9.15
38,Longyearbyen,SJ,2020-10-23 17:57:32,78.22,15.64,17.6,78,20,2.24
39,San Cristobal,VE,2020-10-23 18:00:07,7.77,-72.22,93.2,38,40,18.34
40,Baglung,NP,2020-10-23 18:00:07,28.27,83.59,60.91,45,0,6.4
41,Bo Rai,TH,2020-10-23 18:00:08,12.57,102.54,72.19,82,100,4.83
42,Catia La Mar,VE,2020-10-23 18:00:08,10.6,-67.03,82.0,65,74,11.41
43,Kodiak,US,2020-10-23 18:00:09,57.79,-152.41,44.6,93,90,26.4
44,Bristol,US,2020-10-23 18:00:10,41.83,-71.17,70.0,60,1,1.77
45,Shakiso,ET,2020-10-23 18:00:10,5.75,38.92,59.83,90,62,0.63
46,Punta Arenas,CL,2020-10-23 18:00:11,-53.15,-70.92,46.4,65,75,5.82
47,Manaure,CO,2020-10-23 18:00:12,11.78,-72.44,90.3,59,63,17.27
48,Saskylakh,RU,2020-10-23 18:00:13,71.92,114.08,19.81,97,100,6.85
49,Sitka,US,2020-10-23 18:00:14,57.05,-135.33,32.0,70,40,3.36
50,Mul,IN,2020-10-23 18:00:14,20.07,79.67,72.77,70,29,1.1
51,Luancheng,CN,2020-10-23 18:00:15,37.88,114.65,35.6,80,0,2.71
52,Butaritari,KI,2020-10-23 18:00:15,3.07,172.79,81.59,75,93,12.97
53,Georgetown,MY,2020-10-23 18:00:15,5.41,100.34,80.6,83,20,3.36
54,Puerto Ayora,EC,2020-10-23 18:00:16,-0.74,-90.35,77.0,73,75,19.46
55,Krasnyy Chikoy,RU,2020-10-23 18:00:17,50.36,108.75,30.99,92,0,1.79
56,Olafsvik,IS,2020-10-23 18:00:17,64.89,-23.71,43.59,75,100,27.92
57,Tura,IN,2020-10-23 18:00:18,25.52,90.22,69.98,99,100,4.97
58,Nikolskoye,RU,2020-10-23 18:00:18,59.7,30.79,46.4,93,90,15.66
59,Saint-Louis,SN,2020-10-23 18:00:18,16.33,-15.0,102.2,26,0,2.24
60,Khatanga,RU,2020-10-23 18:00:19,71.97,102.5,7.16,95,100,6.17
61,Kavieng,PG,2020-10-23 18:00:19,-2.57,150.8,82.11,68,5,5.44
62,Manjacaze,MZ,2020-10-23 18:00:19,-24.71,33.88,67.42,87,0,5.84
63,Airai,TL,2020-10-23 18:00:19,-8.93,125.41,61.93,100,64,0.29
64,Sulangan,PH,2020-10-23 18:00:20,11.14,123.72,78.94,87,100,13.02
65,Hermanus,ZA,2020-10-23 18:00:20,-34.42,19.23,70.0,81,28,3.0
66,Yelanskiy,RU,2020-10-23 18:00:21,56.84,62.5,25.32,92,0,4.72
67,Chimore,BO,2020-10-23 18:00:21,-16.98,-65.13,96.93,34,62,2.71
68,Santo Antonio Do Ica,BR,2020-10-23 18:00:22,-3.1,-67.94,83.46,85,97,4.05
69,Aksarka,RU,2020-10-23 18:00:22,66.56,67.8,15.39,95,46,8.68
70,Manassas,US,2020-10-23 17:59:58,38.75,-77.48,78.01,64,1,10.29
71,Maceio,BR,2020-10-23 18:00:23,-9.67,-35.74,84.2,66,75,13.87
72,Upernavik,GL,2020-10-23 18:00:23,72.79,-56.15,21.78,95,100,7.92
73,Carnarvon,AU,2020-10-23 18:00:25,-24.87,113.63,69.8,64,0,14.99
74,Saint-Philippe,RE,2020-10-23 18:00:25,-21.36,55.77,73.4,73,0,10.29
75,Cherskiy,RU,2020-10-23 18:00:26,68.75,161.3,18.59,95,96,4.25
76,Yumen,CN,2020-10-23 18:00:26,40.28,97.2,39.0,59,27,6.38
77,Tuatapere,NZ,2020-10-23 18:00:26,-46.13,167.68,48.87,75,74,9.1
78,Le Port,RE,2020-10-23 18:00:27,-20.94,55.29,73.4,64,75,8.05
79,Tasiilaq,GL,2020-10-23 18:00:27,65.61,-37.64,35.6,51,75,12.75
80,Ribeira Grande,PT,2020-10-23 18:00:28,38.52,-28.7,68.0,72,20,16.11
81,Kapaa,US,2020-10-23 18:00:28,22.08,-159.32,73.99,94,20,4.7
82,Bilibino,RU,2020-10-23 18:00:28,68.05,166.44,16.07,90,36,1.23
83,Kaili,ID,2020-10-23 18:00:29,-3.46,120.21,68.77,87,26,2.59
84,New Norfolk,AU,2020-10-23 18:00:30,-42.78,147.06,53.01,71,100,1.99
85,Alihe,CN,2020-10-23 18:00:30,50.57,123.72,26.38,91,0,2.93
86,Castro,BR,2020-10-23 18:00:31,-24.79,-50.01,75.65,60,55,4.65
87,Meulaboh,ID,2020-10-23 18:00:06,4.14,96.13,78.35,86,100,2.73
88,Chitrakonda,IN,2020-10-23 18:00:32,18.12,82.08,69.84,73,100,2.17
89,Kaitangata,NZ,2020-10-23 18:00:33,-46.28,169.85,48.65,92,90,4.07
90,Albany,US,2020-10-23 18:00:05,42.6,-73.97,75.0,67,21,3.0
91,Te Anau,NZ,2020-10-23 18:00:33,-45.42,167.72,46.15,83,90,5.08
92,Gat,IL,2020-10-23 17:59:00,31.61,34.76,77.0,51,0,5.12
93,Ambovombe,MG,2020-10-23 18:00:34,-25.17,46.08,72.27,82,68,15.79
94,Avarua,CK,2020-10-23 18:00:34,-21.21,-159.78,73.4,78,99,18.34
95,Sao Francisco Do Sul,BR,2020-10-23 18:00:36,-26.24,-48.64,75.99,73,83,5.01
96,Aksaray,TR,2020-10-23 18:00:37,38.37,34.03,64.4,31,40,3.36
97,Luderitz,NA,2020-10-23 17:58:50,-26.65,15.16,60.96,79,3,4.34
98,Husavik,IS,2020-10-23 18:00:38,66.04,-17.34,42.8,70,75,5.82
99,Naryan-Mar,RU,2020-10-23 18:00:40,67.67,53.09,20.84,95,76,9.08
100,Sweetwater,US,2020-10-23 18:00:26,25.76,-80.37,87.8,55,40,13.87
101,Comodoro Rivadavia,AR,2020-10-23 18:00:42,-45.87,-67.5,68.0,42,0,5.82
102,Hami,CN,2020-10-23 18:00:43,42.8,93.45,45.64,46,2,2.17
103,Portland,US,2020-10-23 17:58:40,45.52,-122.68,46.0,70,90,9.17
104,Jamestown,US,2020-10-23 18:00:37,42.1,-79.24,73.4,56,1,14.99
105,Grindavik,IS,2020-10-23 18:00:44,63.84,-22.43,44.6,87,75,19.46
106,Mataura,NZ,2020-10-23 18:00:44,-46.19,168.86,45.63,86,79,4.23
107,Qesarya,IL,2020-10-23 18:00:45,32.52,34.9,77.0,73,0,5.82
108,Buraydah,SA,2020-10-23 18:00:06,26.33,43.98,77.0,23,0,9.17
109,Alice Springs,AU,2020-10-23 17:57:33,-23.7,133.88,64.4,55,0,5.82
110,Banda,IN,2020-10-23 18:00:47,25.48,80.33,76.28,29,0,1.9
111,Amahai,ID,2020-10-23 18:00:48,-3.33,128.92,78.66,86,46,2.01
112,Razdolnoye,RU,2020-10-23 18:00:49,43.55,131.92,32.0,85,5,6.71
113,Cedar City,US,2020-10-23 18:00:50,37.68,-113.06,41.0,30,1,3.38
114,Praia,CV,2020-10-23 18:00:50,14.92,-23.51,84.2,66,20,19.46
115,Evensk,RU,2020-10-23 18:00:50,61.95,159.23,31.37,93,84,5.5
116,Surt,LY,2020-10-23 18:00:51,31.21,16.59,70.75,60,0,8.81
117,Vestmanna,FO,2020-10-23 18:00:53,62.16,-7.17,46.4,93,82,9.17
118,Touros,BR,2020-10-23 18:00:54,-5.2,-35.46,84.2,70,75,17.22
119,Salinas,US,2020-10-23 18:00:54,36.68,-121.66,66.0,72,40,5.82
120,Ilulissat,GL,2020-10-23 18:00:56,69.22,-51.1,23.0,67,75,4.7
121,Weatherford,US,2020-10-23 18:00:56,32.76,-97.8,48.99,89,99,5.99
122,Malinyi,TZ,2020-10-23 18:00:57,-8.93,36.13,81.16,45,2,3.04
123,Tual,ID,2020-10-23 18:00:58,-5.67,132.75,82.04,82,44,10.16
124,Mayumba,GA,2020-10-23 18:00:58,-3.43,10.66,77.49,86,100,9.28
125,Jumla,NP,2020-10-23 18:01:00,29.27,82.18,47.01,64,26,3.89
126,Santiago Del Estero,AR,2020-10-23 17:58:48,-27.8,-64.26,81.77,57,93,8.9
127,Dali,CN,2020-10-23 18:01:01,25.7,100.18,49.48,86,100,1.36
128,Aklavik,CA,2020-10-23 18:01:01,68.22,-135.01,28.4,92,90,3.36
129,Oksfjord,NO,2020-10-23 18:01:02,70.24,22.35,39.2,87,75,17.22
130,Christchurch,NZ,2020-10-23 17:57:19,-43.53,172.63,51.8,87,40,3.36
131,Moose Factory,CA,2020-10-23 18:00:13,51.26,-80.61,35.6,78,90,5.82
132,Hobart,AU,2020-10-23 18:01:06,-42.88,147.33,53.01,93,90,2.48
133,Wonthaggi,AU,2020-10-23 18:01:06,-38.6,145.59,60.01,95,100,14.2
134,Nuuk,GL,2020-10-23 18:01:06,64.18,-51.72,30.2,68,75,9.17
135,Harper,LR,2020-10-23 18:01:06,4.38,-7.72,78.78,85,84,6.17
136,Atuona,PF,2020-10-23 18:01:07,-9.8,-139.03,77.54,78,22,20.62
137,Lata,PT,2020-10-23 18:01:07,40.16,-8.33,63.0,68,43,4.0
138,Riverton,US,2020-10-23 18:01:08,40.52,-111.94,46.0,48,1,2.44
139,Tuktoyaktuk,CA,2020-10-23 18:01:09,69.45,-133.04,23.0,92,75,12.75
140,Luanda,AO,2020-10-23 18:01:10,-8.84,13.23,78.8,74,40,13.87
141,Klaksvik,FO,2020-10-23 18:01:10,62.23,-6.59,46.4,93,99,9.17
142,Senanga,ZM,2020-10-23 18:01:11,-16.12,23.27,81.41,19,0,5.75
143,Mahebourg,MU,2020-10-23 18:01:11,-20.41,57.7,73.4,73,20,8.05
144,Banjar,ID,2020-10-23 18:01:11,-8.19,114.97,78.8,83,20,3.36
145,Shelburne,CA,2020-10-23 18:01:12,44.08,-80.2,75.99,64,20,19.46
146,Dubbo,AU,2020-10-23 18:01:12,-32.25,148.62,64.4,88,90,3.36
147,Neuquen,AR,2020-10-23 18:01:12,-38.95,-68.06,75.2,53,0,5.82
148,Asyut,EG,2020-10-23 18:01:13,27.18,31.18,84.2,39,0,10.29
149,Saint Anthony,US,2020-10-23 17:58:51,45.02,-93.22,36.0,86,90,12.75
150,Hilo,US,2020-10-23 17:58:46,19.73,-155.09,77.0,73,1,4.7
151,Cidreira,BR,2020-10-23 18:01:15,-30.18,-50.21,69.84,84,100,15.97
152,Saint-Francois,FR,2020-10-23 17:57:32,46.42,3.91,53.6,93,0,6.78
153,Kalmunai,LK,2020-10-23 18:01:17,7.42,81.82,80.33,80,30,8.39
154,Saldanha,ZA,2020-10-23 18:01:17,-33.01,17.94,64.4,72,23,4.7
155,The Valley,AI,2020-10-23 17:56:19,18.22,-63.06,89.6,94,20,16.11
156,Tobermory,CA,2020-10-23 17:58:37,45.25,-81.67,46.0,94,100,15.46
157,Kuah,MY,2020-10-23 18:01:18,6.33,99.84,78.8,88,20,2.24
158,Lebu,CL,2020-10-23 18:01:18,-37.62,-73.65,56.01,66,91,7.49
159,Esperance,AU,2020-10-23 18:00:37,-33.87,121.9,55.4,93,90,3.36
160,Adrar,MR,2020-10-23 17:57:12,20.5,-10.07,93.02,12,20,1.19
161,Itarema,BR,2020-10-23 18:01:19,-2.92,-39.92,85.66,61,48,18.7
162,Kupang,ID,2020-10-23 18:01:06,-10.17,123.58,79.14,81,77,5.01
163,Coahuayana,MX,2020-10-23 18:01:20,18.73,-103.68,82.4,74,75,3.49
164,Soskovo,RU,2020-10-23 18:01:20,52.75,35.38,54.54,80,100,12.77
165,Narva-Joesuu,EE,2020-10-23 18:01:21,59.46,28.04,47.86,78,88,18.5
166,Chapais,CA,2020-10-23 18:01:21,49.78,-74.85,32.0,100,90,11.41
167,Salalah,OM,2020-10-23 18:01:22,17.02,54.09,80.6,39,0,6.93
168,Florianopolis,BR,2020-10-23 17:58:29,-27.61,-48.5,78.01,69,40,16.11
169,Portovelo,EC,2020-10-23 18:01:22,-3.72,-79.62,82.4,39,75,16.11
170,Saint George,US,2020-10-23 17:59:28,37.1,-113.58,55.4,22,1,2.46
171,Dingle,PH,2020-10-23 18:01:24,11.0,122.67,76.19,91,100,5.73
172,Vanavara,RU,2020-10-23 18:01:24,60.34,102.28,26.96,98,84,5.14
173,Jacksonville Beach,US,2020-10-23 18:01:01,30.29,-81.39,84.0,69,75,6.93
174,Tautira,PF,2020-10-23 18:01:25,-17.73,-149.15,80.6,69,20,10.29
175,Cabedelo,BR,2020-10-23 17:57:41,-6.98,-34.83,86.0,66,75,17.22
176,Pilani,IN,2020-10-23 18:01:25,28.37,75.6,72.09,22,0,2.46
177,Severnyy,RU,2020-10-23 18:01:26,50.68,36.55,59.0,67,0,4.47
178,Phalombe,MW,2020-10-23 18:01:26,-15.81,35.65,73.17,53,8,6.02
179,Yellowknife,CA,2020-10-23 18:00:48,62.46,-114.35,25.0,92,40,6.93
180,Bowen,AU,2020-10-23 18:01:27,-20.02,148.23,71.6,88,40,3.36
181,Chokurdakh,RU,2020-10-23 18:01:27,70.63,147.92,6.89,92,50,6.29
182,Chernyshevskiy,RU,2020-10-23 18:01:27,63.01,112.47,21.31,96,45,7.63
183,Chunskiy,RU,2020-10-23 18:01:27,56.08,99.63,37.83,88,99,3.27
184,Myitkyina,MM,2020-10-23 18:01:29,25.38,97.4,67.95,96,100,2.24
185,Anderson,US,2020-10-23 18:01:26,34.53,-82.65,79.0,57,20,4.7
186,Windhoek,NA,2020-10-23 18:01:30,-22.56,17.08,87.8,11,100,6.93
187,Hay River,CA,2020-10-23 18:01:31,60.82,-115.8,21.2,100,75,11.41
188,Biak,ID,2020-10-23 18:01:31,-0.91,122.88,77.02,82,8,0.45
189,Faya,SA,2020-10-23 18:01:31,18.39,42.45,69.8,18,0,6.93
190,Walla Walla,US,2020-10-23 17:57:23,46.06,-118.34,48.0,60,1,4.7
191,Isangel,VU,2020-10-23 18:01:32,-19.55,169.27,74.7,84,93,9.66
192,East London,ZA,2020-10-23 18:01:32,-33.02,27.91,69.8,88,0,9.17
193,Salina Cruz,MX,2020-10-23 18:00:20,16.17,-95.2,92.16,43,44,1.5
194,Kelvington,CA,2020-10-23 18:01:33,52.17,-103.53,20.19,90,30,10.47
195,Guerrero Negro,MX,2020-10-23 18:01:33,27.98,-114.06,73.22,58,37,10.98
196,Novoselitskoye,RU,2020-10-23 17:57:04,44.75,43.44,50.0,66,46,6.71
197,Pisco,PE,2020-10-23 18:01:34,-13.7,-76.22,68.0,72,20,11.41
198,Dibombari,CM,2020-10-23 18:01:34,4.18,9.66,76.93,86,85,3.98
199,Kahului,US,2020-10-23 17:56:35,20.89,-156.47,77.0,60,1,2.62
200,La Ronge,CA,2020-10-23 18:01:35,55.1,-105.28,23.0,79,90,11.41
201,Beringovskiy,RU,2020-10-23 18:01:35,63.05,179.32,33.53,92,59,21.45
202,Tomiya,JP,2020-10-23 18:01:35,38.39,140.89,51.67,69,0,13.29
203,Bayanday,RU,2020-10-23 18:01:36,53.07,105.51,30.52,97,1,1.39
204,Port Hardy,CA,2020-10-23 18:01:29,50.7,-127.42,41.0,93,90,26.4
205,San Miguel,SV,2020-10-23 17:58:29,13.48,-88.18,91.4,74,40,4.7
206,Haverfordwest,GB,2020-10-23 17:58:16,51.8,-4.97,57.99,66,86,18.34
207,Golden,US,2020-10-23 18:01:40,39.76,-105.22,28.99,79,90,3.36
208,Balancan,MX,2020-10-23 18:01:40,17.8,-91.53,85.06,78,36,10.2
209,Zabol,AF,2020-10-23 18:01:40,32.25,67.25,44.15,51,0,9.66
210,Norman Wells,CA,2020-10-23 18:01:41,65.28,-126.83,21.2,100,75,5.82
211,Dikson,RU,2020-10-23 18:01:41,73.51,80.55,23.36,94,100,14.36
212,Kloulklubed,PW,2020-10-23 18:01:42,7.04,134.26,78.8,88,75,9.57
213,Guozhen,CN,2020-10-23 18:01:42,34.37,107.36,54.64,44,96,3.11
214,Zaoyang,CN,2020-10-23 18:01:42,32.13,112.75,56.28,51,47,4.41
215,Semporna,MY,2020-10-23 18:01:43,4.48,118.61,77.0,94,20,2.24
216,Vao,NC,2020-10-23 18:01:43,-22.67,167.48,73.54,86,7,17.43
217,Beaufort,MY,2020-10-23 17:59:15,5.35,115.75,78.8,88,20,3.36
218,Ancud,CL,2020-10-23 18:01:43,-41.87,-73.82,59.0,71,75,12.75
219,Laguna,US,2020-10-23 18:01:44,38.42,-121.42,66.99,23,1,10.29
220,Chingola,ZM,2020-10-23 18:01:44,-12.53,27.88,71.29,42,51,4.56
221,Cabo San Lucas,MX,2020-10-23 18:01:44,22.89,-109.91,90.0,66,5,8.05
222,Talcahuano,CL,2020-10-23 18:01:44,-36.72,-73.12,60.8,55,0,10.29
223,Turukhansk,RU,2020-10-23 18:01:45,65.82,87.98,9.43,96,97,8.05
224,Seoul,KR,2020-10-23 18:01:25,37.57,126.98,46.4,49,1,9.95
225,Lubango,AO,2020-10-23 18:01:47,-14.92,13.49,73.4,71,75,6.93
226,Lubao,PH,2020-10-23 18:01:47,14.92,120.55,77.0,100,75,4.7
227,Svetlogorsk,BY,2020-10-23 18:01:48,52.63,29.73,52.39,87,100,8.88
228,Fare,PF,2020-10-23 18:01:48,-16.7,-151.02,78.71,77,75,12.33
229,Chicama,PE,2020-10-23 18:01:48,-7.84,-79.15,62.6,82,90,10.29
230,Praxedis Guerrero,MX,2020-10-23 18:01:48,31.37,-106.02,80.6,31,5,9.17
231,Bontang,ID,2020-10-23 18:01:49,0.13,117.5,78.67,86,100,7.56
232,Los Llanos De Aridane,ES,2020-10-23 18:01:49,28.66,-17.92,73.4,56,20,10.29
233,Poya,NC,2020-10-23 18:01:49,-21.35,165.15,72.46,83,0,3.98
234,Komsomolskiy,UZ,2020-10-23 18:01:49,40.43,71.72,48.2,66,79,2.24
235,Lompoc,US,2020-10-23 18:00:00,34.64,-120.46,64.4,77,90,3.36
236,Tiksi,RU,2020-10-23 18:01:51,71.69,128.87,18.32,97,100,6.49
237,Qaanaaq,GL,2020-10-23 18:01:52,77.48,-69.36,19.8,94,100,9.53
238,Greeley,US,2020-10-23 17:58:26,40.42,-104.71,30.0,68,90,5.5
239,General Roca,AR,2020-10-23 18:01:52,-39.03,-67.58,75.2,53,0,5.82
240,Douglas,US,2020-10-23 18:01:52,41.3,-96.17,39.2,64,90,9.17
241,Kasongo-Lunda,CD,2020-10-23 18:01:52,-6.47,16.82,75.31,86,99,1.83
242,Souillac,MU,2020-10-23 18:01:53,-20.52,57.52,73.4,73,20,8.05
243,Pangnirtung,CA,2020-10-23 18:01:53,66.15,-65.71,26.6,92,90,2.24
244,Shingu,JP,2020-10-23 18:01:53,33.73,135.98,52.32,81,0,6.82
245,Roma,US,2020-10-23 17:58:00,43.21,-75.46,77.0,57,75,10.29
246,Victoria,HK,2020-10-23 18:00:48,22.29,114.16,75.99,49,100,1.01
247,Mehamn,NO,2020-10-23 18:01:54,71.04,27.85,35.6,93,75,27.51
248,Erdenet,MN,2020-10-23 18:01:55,49.03,104.08,33.24,84,45,1.74
249,Russell,US,2020-10-23 17:57:52,32.35,-85.2,82.4,65,40,4.7
250,Bilokurakyne,UA,2020-10-23 18:01:55,49.53,38.73,60.21,53,100,9.46
251,Mount Isa,AU,2020-10-23 18:00:10,-20.73,139.5,68.0,94,25,3.36
252,Kerouane,GN,2020-10-23 18:01:56,9.27,-9.02,78.55,70,12,2.66
253,Chuy,UY,2020-10-23 18:01:56,-33.7,-53.46,72.36,77,98,2.01
254,Anzio,IT,2020-10-23 18:00:38,41.49,12.62,66.2,88,75,6.93
255,Yerbogachen,RU,2020-10-23 18:01:57,61.28,108.01,26.28,97,74,4.97
256,Poum,NC,2020-10-23 18:01:58,-20.23,164.02,76.3,78,0,10.87
257,Dudinka,RU,2020-10-23 18:01:58,69.41,86.18,-2.2,84,40,8.95
258,Krivosheino,RU,2020-10-23 18:02:01,57.34,83.93,30.2,98,88,5.28
259,Doha,QA,2020-10-23 18:02:01,25.29,51.53,84.2,58,0,5.82
260,Jaciara,BR,2020-10-23 18:02:02,-15.97,-54.97,90.39,46,54,6.51
261,Matay,EG,2020-10-23 18:02:02,28.42,30.78,74.52,29,0,9.01
262,Sindor,RU,2020-10-23 18:02:02,62.86,51.89,23.56,92,100,11.16
263,Viedma,AR,2020-10-23 18:02:03,-40.81,-63.0,80.01,42,5,5.01
264,Hasaki,JP,2020-10-23 18:02:03,35.73,140.83,59.0,100,75,3.36
265,Naze,JP,2020-10-23 18:02:03,28.37,129.48,69.8,60,40,17.22
266,Bahia Blanca,AR,2020-10-23 18:02:03,-38.72,-62.27,77.68,38,7,7.34
267,Xuzhou,CN,2020-10-23 18:01:32,34.18,117.16,50.14,44,0,2.3
268,Malindi,KE,2020-10-23 18:02:04,-3.22,40.12,80.6,78,75,16.11
269,Kemijarvi,FI,2020-10-23 18:02:05,66.71,27.43,25.81,96,100,8.3
270,Ucluelet,CA,2020-10-23 17:58:10,48.93,-125.55,45.0,93,90,11.41
271,Omboue,GA,2020-10-23 18:02:05,-1.57,9.26,77.45,87,100,8.08
272,Kiama,AU,2020-10-23 18:02:06,-34.68,150.87,66.99,92,100,1.99
273,Inongo,CD,2020-10-23 18:02:06,-1.95,18.27,75.67,83,73,0.45
274,Chamba,IN,2020-10-23 18:02:06,32.57,76.13,59.16,37,0,6.64
275,Yarada,IN,2020-10-23 18:02:07,17.65,83.27,82.4,100,75,2.24
276,Crepy-En-Valois,FR,2020-10-23 18:02:07,49.23,2.89,60.8,67,0,11.41
277,Krasnoselkup,RU,2020-10-23 18:02:08,65.7,82.47,14.45,97,87,8.57
278,Leningradskiy,RU,2020-10-23 18:02:08,69.38,178.42,23.31,90,0,4.65
279,College,US,2020-10-23 17:58:12,64.86,-147.8,18.0,77,40,3.36
280,Sao Filipe,CV,2020-10-23 18:02:08,14.9,-24.5,81.14,74,5,12.82
281,Escanaba,US,2020-10-23 17:58:33,45.75,-87.06,39.99,86,90,6.93
282,Birao,CF,2020-10-23 18:02:09,10.28,22.79,82.26,42,54,2.46
283,Abu Zabad,SD,2020-10-23 18:02:10,12.35,29.25,86.43,27,0,3.71
284,Wadi Maliz,TN,2020-10-23 18:02:11,36.47,8.55,73.4,64,20,13.87
285,San Patricio,US,2020-10-23 18:02:11,28.02,-97.52,87.8,62,75,3.36
286,Flinders,AU,2020-10-23 18:02:11,-34.58,150.86,66.99,92,100,1.99
287,Litovko,RU,2020-10-23 18:02:12,49.24,135.17,35.33,90,100,9.62
288,Alexandria,EG,2020-10-23 17:58:36,31.22,29.96,75.2,69,40,8.05
289,Taga,RO,2020-10-23 18:02:12,46.95,24.05,48.2,93,18,1.12
290,Bulgan,MN,2020-10-23 18:02:12,48.81,103.53,34.68,77,89,1.16
291,Taonan,CN,2020-10-23 18:02:13,45.33,122.78,33.46,77,0,6.58
292,Clyde River,CA,2020-10-23 18:02:13,70.47,-68.59,21.2,79,90,4.7
293,Hamilton,US,2020-10-23 18:02:13,39.18,-84.53,77.0,69,90,12.75
294,Glendive,US,2020-10-23 18:01:34,47.11,-104.71,16.0,84,75,4.7
295,Pekan,MY,2020-10-23 18:02:14,3.48,103.4,80.6,83,20,2.24
296,Labuhan,ID,2020-10-23 18:02:14,-6.88,112.21,79.79,81,31,6.78
297,Dauphin,CA,2020-10-23 18:02:14,51.15,-100.05,23.0,79,75,18.34
298,Takoradi,GH,2020-10-23 18:02:15,4.88,-1.76,78.89,86,100,8.95
299,Batticaloa,LK,2020-10-23 18:02:15,7.71,81.69,79.45,74,22,10.29
300,Madimba,TZ,2020-10-23 18:02:15,-10.4,40.33,76.75,85,68,8.25
301,Caravelas,BR,2020-10-23 18:02:16,-17.71,-39.25,76.12,83,97,6.64
302,Iranshahr,IR,2020-10-23 18:02:16,27.2,60.68,77.0,12,0,13.87
303,Ambilobe,MG,2020-10-23 18:02:16,-13.2,49.05,75.96,62,33,9.93
304,Brekstad,NO,2020-10-23 18:02:16,63.69,9.67,39.0,86,20,4.7
305,Port Hawkesbury,CA,2020-10-23 18:02:17,45.62,-61.35,55.0,50,1,9.17
306,Kodinsk,RU,2020-10-23 18:02:17,58.69,99.18,29.46,97,76,4.41
307,Ponta Do Sol,PT,2020-10-23 18:02:17,32.67,-17.1,69.8,56,40,8.05
308,Beloha,MG,2020-10-23 18:02:17,-25.17,45.05,72.95,75,73,15.17
309,Kone,NC,2020-10-23 18:02:18,-21.06,164.87,71.2,84,0,3.51
310,Solhan,TR,2020-10-23 18:02:19,38.96,41.03,49.3,49,0,2.44
311,Tayu,ID,2020-10-23 18:02:19,-6.54,111.05,79.32,81,17,4.07
312,Tortoli,IT,2020-10-23 18:00:44,39.93,9.66,68.0,100,75,10.29
313,Mizque,BO,2020-10-23 18:02:20,-17.94,-65.34,79.97,37,32,8.61
314,Tagusao,PH,2020-10-23 18:02:20,9.19,117.81,80.76,81,99,11.59
315,Eureka,US,2020-10-23 18:02:20,40.8,-124.16,55.0,87,1,3.36
316,Iqaluit,CA,2020-10-23 18:00:13,63.75,-68.51,28.4,92,90,5.82
317,Srednekolymsk,RU,2020-10-23 18:02:21,67.45,153.68,14.29,90,17,2.53
318,Envira,BR,2020-10-23 18:02:23,-7.3,-70.22,82.8,84,70,4.63
319,Gouyave,GD,2020-10-23 18:02:23,12.16,-61.73,84.2,83,20,16.11
320,Narsaq,GL,2020-10-23 18:02:24,60.92,-46.05,28.4,74,75,0.65
321,Swan River,CA,2020-10-23 18:02:24,52.11,-101.27,26.28,87,94,10.25
322,Lafiagi,NG,2020-10-23 18:02:24,8.87,5.42,81.86,54,61,1.74
323,Boguchany,RU,2020-10-23 18:02:25,58.38,97.45,32.88,92,93,5.57
324,Bryant,US,2020-10-23 18:02:25,34.6,-92.49,75.99,88,75,6.93
325,Kpandu,GH,2020-10-23 18:02:25,7.0,0.29,80.56,79,89,0.63
326,Waipawa,NZ,2020-10-23 18:02:26,-41.41,175.52,57.2,67,20,19.46
327,Kota Kinabalu,MY,2020-10-23 18:00:04,5.97,116.07,77.0,94,20,2.24
328,Makkaveyevo,RU,2020-10-23 18:02:26,51.75,113.95,24.8,85,18,2.24
329,Abu Dhabi,AE,2020-10-23 18:00:04,24.47,54.37,84.2,58,0,6.93
330,Lahij,YE,2020-10-23 18:02:26,13.17,44.58,80.65,50,18,3.24
331,Teahupoo,PF,2020-10-23 18:02:28,-17.83,-149.27,80.6,69,20,10.29
332,Dunedin,NZ,2020-10-23 18:02:28,-45.87,170.5,51.01,89,50,5.01
333,Mbeya,TZ,2020-10-23 18:02:29,-8.9,33.45,64.72,67,36,8.05
334,Avera,US,2020-10-23 18:02:30,33.19,-82.53,80.6,65,90,4.7
335,Lisakovsk,KZ,2020-10-23 18:02:31,52.54,62.49,29.28,88,49,6.13
336,Pangkalanbuun,ID,2020-10-23 18:02:31,-2.68,111.62,74.89,95,100,1.9
337,Nichinan,JP,2020-10-23 18:02:33,31.6,131.37,53.01,76,0,5.01
338,Walvis Bay,NA,2020-10-23 18:02:34,-22.96,14.51,64.4,68,0,8.05
339,Marawi,PH,2020-10-23 18:02:34,8.0,124.29,73.99,92,91,4.0
340,Dakar,SN,2020-10-23 18:02:34,14.69,-17.44,87.8,70,0,9.17
341,Sao Desiderio,BR,2020-10-23 18:02:35,-12.36,-44.97,80.74,51,72,9.6
342,San Juan,AR,2020-10-23 18:00:03,-31.54,-68.54,88.56,23,0,5.35
343,Shitanjing,CN,2020-10-23 18:02:36,39.23,106.34,45.9,54,9,9.08
344,Tarragona,ES,2020-10-23 18:02:37,41.13,1.25,68.0,42,20,6.93
345,Tilichiki,RU,2020-10-23 18:02:37,60.47,166.1,29.73,97,0,5.97
346,Dawei,MM,2020-10-23 18:02:38,14.08,98.2,74.35,88,84,3.69
347,Nikolayevsk-Na-Amure,RU,2020-10-23 18:02:38,53.14,140.73,47.8,90,100,17.27
348,Bathsheba,BB,2020-10-23 18:02:39,13.22,-59.52,87.8,70,40,24.16
349,Puerto Escondido,MX,2020-10-23 18:02:39,15.85,-97.07,86.0,66,40,5.82
350,Tambura,SS,2020-10-23 18:02:40,5.6,27.47,71.94,91,98,1.81
351,Samarai,PG,2020-10-23 18:02:40,-10.62,150.67,79.93,86,74,5.7
352,Barra De Sao Francisco,BR,2020-10-23 18:02:40,-18.75,-40.89,71.64,80,100,5.91
353,Eskil,TR,2020-10-23 18:02:40,38.4,33.41,66.9,38,0,5.91
354,Palmer,US,2020-10-23 18:02:41,42.16,-72.33,68.0,93,90,4.7
355,Sorland,NO,2020-10-23 18:02:42,67.67,12.69,42.8,75,40,14.99
356,Santa Lucia,ES,2020-10-23 18:02:42,27.91,-15.54,73.4,56,20,17.22
357,Sretensk,RU,2020-10-23 18:02:42,52.25,117.71,28.76,93,1,1.52
358,Urla,TR,2020-10-23 18:01:05,38.32,26.76,69.8,73,0,12.75
359,Krasnyy Yar,RU,2020-10-23 18:02:43,46.53,48.35,53.6,87,0,8.95
360,Tezu,IN,2020-10-23 18:02:43,27.92,96.17,69.55,87,100,3.22
361,Padang,ID,2020-10-23 18:02:44,-0.95,100.35,80.04,78,99,3.49
362,Santa Cruz,BO,2020-10-23 18:01:59,-17.8,-63.17,96.8,41,75,14.99
363,Semey,KZ,2020-10-23 18:02:12,50.41,80.23,34.59,90,100,7.96
364,Nome,US,2020-10-23 18:02:47,64.5,-165.41,30.99,80,90,14.99
365,Nizhniy Baskunchak,RU,2020-10-23 18:02:47,48.22,46.83,57.54,69,53,14.18
366,Bronkhorstspruit,ZA,2020-10-23 18:02:47,-25.81,28.74,80.01,41,71,3.36
367,Niquero,CU,2020-10-23 18:02:47,20.04,-77.58,77.27,89,99,14.0
368,Wahiawa,US,2020-10-23 18:02:48,21.5,-158.02,80.6,100,75,3.36
369,Verkhnyaya Inta,RU,2020-10-23 18:02:48,65.98,60.31,17.46,96,85,9.01
370,Nisia Floresta,BR,2020-10-23 18:02:48,-6.09,-35.21,84.2,70,75,17.22
371,Namibe,AO,2020-10-23 18:02:49,-15.2,12.15,69.71,83,83,11.74
372,Kaluga,RU,2020-10-23 18:02:50,54.5,35.5,57.2,76,40,11.18
373,Provideniya,RU,2020-10-23 18:02:50,64.38,-173.3,33.3,92,100,13.44
374,Ust-Ilimsk,RU,2020-10-23 18:02:50,58.0,102.66,31.28,97,98,3.0
375,Fort-Shevchenko,KZ,2020-10-23 18:02:51,44.51,50.26,54.99,71,6,10.16
376,Lorengau,PG,2020-10-23 18:02:51,-2.02,147.27,81.5,70,27,5.19
377,Ruteng,ID,2020-10-23 18:02:51,-8.61,120.47,64.53,100,78,2.15
378,Tamworth,GB,2020-10-23 18:02:46,52.63,-1.7,50.0,66,0,4.7
379,Presidencia Roque Saenz Pena,AR,2020-10-23 18:02:52,-26.79,-60.44,82.51,67,64,11.63
380,Riberalta,BO,2020-10-23 18:02:52,-10.98,-66.1,97.66,35,39,2.98
381,Ghanzi,BW,2020-10-23 18:02:52,-21.57,21.78,79.75,17,0,10.47
382,Cascais,PT,2020-10-23 18:02:53,38.7,-9.42,63.0,67,20,5.82
383,Praya,CV,2020-10-23 18:02:54,14.92,-23.51,84.2,66,20,19.46
384,Iquique,CL,2020-10-23 18:02:55,-20.22,-70.14,68.0,60,75,12.75
385,Juazeiro,BR,2020-10-23 17:58:23,-9.41,-40.5,96.8,22,20,11.41
386,Kapuskasing,CA,2020-10-23 18:02:55,49.42,-82.43,30.2,86,90,10.29
387,Karratha,AU,2020-10-23 17:58:21,-20.74,116.85,67.62,69,0,13.47
388,Horsham,GB,2020-10-23 18:02:55,51.06,-0.33,55.4,82,75,6.93
389,Nanortalik,GL,2020-10-23 18:00:38,60.14,-45.24,35.19,83,100,3.22
390,Parkes,AU,2020-10-23 18:02:56,-33.13,148.18,63.23,92,100,16.75
391,Cariati,IT,2020-10-23 18:02:57,39.49,16.96,59.0,72,0,5.82
392,Arlit,NE,2020-10-23 18:02:57,18.74,7.39,89.02,11,0,20.02
393,Vardo,NO,2020-10-23 18:02:58,70.37,31.11,39.2,80,75,48.32
394,Sola,VU,2020-10-23 18:02:58,-13.88,167.55,78.98,84,76,18.34
395,Norden,DE,2020-10-23 18:02:59,53.6,7.2,55.99,87,40,8.05
396,Ongwediva,NA,2020-10-23 18:02:59,-17.78,15.77,95.0,14,38,3.36
397,Beitbridge,ZW,2020-10-23 18:02:59,-22.22,30.0,81.23,37,0,10.6
398,Venice,US,2020-10-23 18:03:01,27.1,-82.45,88.0,62,75,12.75
399,Yar-Sale,RU,2020-10-23 18:03:01,66.83,70.83,17.92,93,57,8.21
400,Shirokiy,RU,2020-10-23 18:03:02,49.76,129.52,29.32,90,19,20.22
401,Camacha,PT,2020-10-23 18:03:02,33.08,-16.33,69.8,56,20,11.41
402,Virginia Beach,US,2020-10-23 18:01:50,36.85,-75.98,73.99,73,75,5.82
403,Lagos De Moreno,MX,2020-10-23 18:03:02,21.35,-101.92,73.4,49,40,3.36
404,Prince Rupert,CA,2020-10-23 17:58:42,54.32,-130.32,37.4,72,1,5.82
405,Huambo,AO,2020-10-23 18:03:03,-12.78,15.74,72.25,47,67,6.58
406,Point Pedro,LK,2020-10-23 18:03:03,9.82,80.23,81.91,80,21,15.28
407,Kreminna,UA,2020-10-23 18:03:03,49.05,38.22,61.18,62,100,10.18
408,Geraldton,AU,2020-10-23 18:03:04,-28.77,114.6,57.2,71,0,5.82
409,Vila Velha,BR,2020-10-23 18:02:08,-20.33,-40.29,78.01,78,40,10.29
410,Nelson Bay,AU,2020-10-23 18:03:05,-32.72,152.15,69.8,83,40,3.36
411,Cocobeach,GA,2020-10-23 18:03:05,1.0,9.58,77.0,88,40,4.7
412,Sobolevo,RU,2020-10-23 18:03:05,54.43,31.9,51.73,91,49,9.26
413,Mangai,CD,2020-10-23 18:03:05,-4.05,19.53,73.4,92,88,1.43
414,Puerto Colombia,CO,2020-10-23 18:03:06,10.99,-74.95,89.6,75,40,5.82
415,Necochea,AR,2020-10-23 18:03:06,-38.55,-58.74,66.99,73,71,4.0
416,Ixtapa,MX,2020-10-23 18:03:06,20.7,-105.2,89.01,70,5,3.36
417,Bokovskaya,RU,2020-10-23 18:03:07,49.23,41.83,60.24,51,79,7.43
418,Birjand,IR,2020-10-23 18:03:07,32.87,59.22,53.6,30,0,9.17
419,Boundiali,CI,2020-10-23 18:03:08,9.52,-6.49,81.34,58,30,1.92
420,Kondinskoye,RU,2020-10-23 18:03:08,59.65,67.41,20.79,97,44,5.99
421,Fereydun Kenar,IR,2020-10-23 18:03:09,36.69,52.52,64.4,88,40,2.24
422,Timmins,CA,2020-10-23 18:00:02,48.47,-81.33,32.0,99,90,11.41
423,Angoche,MZ,2020-10-23 18:03:09,-16.23,39.91,74.86,80,0,8.52
424,Bambous Virieux,MU,2020-10-23 18:03:09,-20.34,57.76,73.4,73,20,8.05
425,Soyo,AO,2020-10-23 18:03:10,-6.13,12.37,77.74,82,98,13.33
426,Solnechnyy,RU,2020-10-23 18:03:10,50.72,136.63,28.81,97,100,24.29
427,San Quintin,MX,2020-10-23 18:03:11,30.48,-115.95,68.81,62,82,7.65
428,Ahipara,NZ,2020-10-23 18:03:12,-35.17,173.17,58.53,92,73,5.82
429,Vilela,PT,2020-10-23 18:03:12,41.23,-7.6,55.99,80,46,5.35
430,Praia Da Vitoria,PT,2020-10-23 18:03:12,38.73,-27.07,69.8,100,40,11.27
431,Ispica,IT,2020-10-23 18:03:15,36.78,14.91,64.99,77,0,1.12
432,Aguimes,ES,2020-10-23 18:03:15,27.91,-15.45,73.4,56,20,17.22
433,Acapulco,MX,2020-10-23 17:58:39,16.86,-99.89,86.0,74,75,3.36
434,Talnakh,RU,2020-10-23 18:03:16,69.49,88.4,-2.2,84,40,8.95
435,Hambantota,LK,2020-10-23 18:03:16,6.12,81.12,79.79,80,13,16.73
436,Grand-Santi,GF,2020-10-23 18:03:17,4.25,-54.38,99.12,29,42,3.6
437,Ostrovnoy,RU,2020-10-23 18:03:17,68.05,39.51,30.2,98,100,9.75
438,Lahaina,US,2020-10-23 18:03:17,20.88,-156.68,78.01,64,20,5.37
439,Brae,GB,2020-10-23 18:03:18,60.4,-1.35,48.2,81,40,16.11
440,Sebastian,US,2020-10-23 18:03:18,35.17,-94.27,52.0,81,90,17.22
441,Prienai,LT,2020-10-23 18:03:19,54.63,23.95,53.6,71,75,10.29
442,Tefe,BR,2020-10-23 18:00:10,-3.35,-64.71,89.6,70,40,3.36
443,Longkou,CN,2020-10-23 18:03:23,37.65,120.33,54.05,48,0,11.12
444,Paamiut,GL,2020-10-23 18:03:23,61.99,-49.67,32.67,86,68,27.25
445,Oussouye,SN,2020-10-23 18:03:23,12.48,-16.55,87.8,79,20,4.7
446,Auki,SB,2020-10-23 18:03:23,-8.77,160.7,77.13,81,93,3.76
447,Deputatskiy,RU,2020-10-23 18:03:24,69.3,139.9,0.79,88,98,3.89
448,Turochak,RU,2020-10-23 18:03:24,52.26,87.12,33.49,93,100,1.36
449,Tommot,RU,2020-10-23 18:03:24,58.96,126.29,13.91,91,38,1.9
450,Vanimo,PG,2020-10-23 18:03:25,-2.67,141.3,78.12,81,92,1.83
451,Fairbanks,US,2020-10-23 18:00:07,64.84,-147.72,18.0,77,1,4.23
452,Hauterive,FR,2020-10-23 18:03:25,46.09,3.45,57.2,67,0,2.24
453,Wilkie,CA,2020-10-23 18:03:27,52.42,-108.7,17.6,78,90,3.36
454,Dhaulpur,IN,2020-10-23 18:03:27,26.7,77.9,77.22,27,0,3.24
455,Opuwo,NA,2020-10-23 18:03:27,-18.06,13.84,77.94,34,74,11.74
456,Chern,RU,2020-10-23 18:03:28,53.45,36.91,52.93,85,100,13.18
457,Port Lincoln,AU,2020-10-23 18:03:28,-34.73,135.87,55.47,69,66,15.66
458,Fairhope,US,2020-10-23 18:03:28,30.52,-87.9,86.0,65,90,5.82
459,Slave Lake,CA,2020-10-23 18:03:29,55.28,-114.77,17.6,78,90,4.7
460,Sisimiut,GL,2020-10-23 18:03:29,66.94,-53.67,25.83,90,56,6.46
461,Izumo,JP,2020-10-23 18:03:31,35.37,132.77,55.4,93,75,10.29
462,Nemuro,JP,2020-10-23 18:03:31,43.32,145.57,56.68,80,56,19.42
463,Baoning,CN,2020-10-23 18:03:31,25.34,110.03,59.0,72,0,4.47
464,Lagoa,PT,2020-10-23 18:03:32,39.05,-27.98,65.7,76,33,19.51
465,Kulhudhuffushi,MV,2020-10-23 18:01:28,6.62,73.07,82.63,77,21,13.44
466,Griffith,US,2020-10-23 18:03:32,41.53,-87.42,50.0,100,90,10.29
467,Polyarnyy,RU,2020-10-23 18:03:32,69.2,33.45,30.2,100,75,2.24
468,Lasa,IT,2020-10-23 18:03:33,46.62,10.7,53.01,100,90,5.82
469,Lima,PE,2020-10-23 18:00:28,-12.04,-77.03,66.2,72,90,6.93
470,Pinsk,BY,2020-10-23 18:03:33,52.12,26.1,53.35,82,100,9.01
471,Jalu,LY,2020-10-23 18:03:36,29.03,21.55,73.26,49,36,12.91
472,Lovozero,RU,2020-10-23 18:03:36,68.0,35.01,27.88,98,100,8.97
473,Agrestina,BR,2020-10-23 18:03:36,-8.46,-35.94,85.17,48,37,15.97
474,Sovetskiy,RU,2020-10-23 18:03:37,61.36,63.58,23.23,96,0,4.07
475,Nishihara,JP,2020-10-23 18:03:38,26.18,127.76,71.6,60,75,23.04
476,Qui Nhon,VN,2020-10-23 18:03:38,13.77,109.23,72.61,78,100,7.2
477,Bengkulu,ID,2020-10-23 18:03:38,-3.8,102.27,77.67,82,100,3.44
478,Sistranda,NO,2020-10-23 18:03:38,63.73,8.83,37.4,86,20,4.7
479,Maragogi,BR,2020-10-23 18:01:25,-9.01,-35.22,80.71,72,4,11.12
480,Thinadhoo,MV,2020-10-23 18:03:39,0.53,72.93,82.99,77,95,13.0
481,Berbera,SO,2020-10-23 18:03:39,10.44,45.01,85.93,51,75,2.75
482,Piterka,RU,2020-10-23 18:03:40,50.68,47.45,50.68,86,79,6.46
483,Cap Malheureux,MU,2020-10-23 18:03:40,-19.98,57.61,73.0,70,27,1.99
484,Dodge City,US,2020-10-23 18:01:50,37.75,-100.02,43.0,56,75,21.92
485,Chase,CA,2020-10-23 18:03:41,50.82,-119.69,34.0,96,100,3.96
486,Benidorm,ES,2020-10-23 18:00:47,38.54,-0.13,70.0,62,88,1.01
487,Coihaique,CL,2020-10-23 18:03:42,-45.58,-72.07,60.8,41,75,6.93
488,Kununurra,AU,2020-10-23 18:03:43,-15.77,128.73,82.4,74,87,6.93
489,Staunton,US,2020-10-23 17:59:29,38.15,-79.07,77.0,57,1,5.82
490,Forestville,US,2020-10-23 18:03:43,38.85,-76.88,78.01,69,20,10.29
491,Khlevnoye,RU,2020-10-23 18:03:43,52.2,39.09,57.2,67,0,8.95
492,Qaqortoq,GL,2020-10-23 18:03:44,60.72,-46.03,28.4,74,75,3.36
493,Codrington,AU,2020-10-23 18:00:36,-38.27,141.97,49.53,84,100,13.04
494,Bandarbeyla,SO,2020-10-23 18:03:44,9.49,50.81,78.4,74,76,5.46
495,Benemerito De Las Americas,MX,2020-10-23 18:03:44,16.52,-90.64,90.9,54,92,0.47
496,Batagay,RU,2020-10-23 18:03:45,67.63,134.63,7.84,89,100,5.88
497,La Possession,RE,2020-10-23 18:03:45,-20.93,55.34,73.4,64,75,8.05
498,Olavarria,AR,2020-10-23 18:03:45,-36.89,-60.32,64.0,84,88,4.0
499,Lakes Entrance,AU,2020-10-23 18:03:45,-37.88,147.98,60.01,97,100,2.06
500,Blind River,CA,2020-10-23 18:03:46,46.18,-82.96,42.8,93,90,12.75
501,Lulea,SE,2020-10-23 18:03:46,65.58,22.15,26.6,92,0,4.7
502,Maldonado,UY,2020-10-23 18:01:57,-34.67,-54.92,71.6,73,20,10.29
503,Mitsamiouli,KM,2020-10-23 18:03:49,-11.38,43.28,79.84,75,94,4.85
504,Monrovia,LR,2020-10-23 18:00:23,6.3,-10.8,78.8,94,75,8.59
505,Leh,IN,2020-10-23 18:03:50,34.17,77.58,34.68,67,53,3.04
506,Almaznyy,RU,2020-10-23 18:03:51,48.04,40.05,57.2,87,0,8.95
507,Luwuk,ID,2020-10-23 18:03:51,-0.95,122.79,77.92,77,43,1.14
508,Omsukchan,RU,2020-10-23 18:03:51,62.53,155.8,21.02,88,38,5.73
509,Port Blair,IN,2020-10-23 18:03:52,11.67,92.75,81.25,82,95,3.31
510,Muroto,JP,2020-10-23 18:03:52,33.28,134.15,62.11,63,2,11.43
511,Bridge Of Earn,GB,2020-10-23 18:03:52,56.35,-3.41,43.0,90,1,6.26
512,Belton,US,2020-10-23 18:03:52,38.81,-94.53,41.0,86,90,16.11
513,Margate,GB,2020-10-23 18:03:42,51.38,1.39,55.0,82,69,1.99
514,Nabire,ID,2020-10-23 18:03:53,-3.37,135.48,75.58,88,88,2.42
515,Tupik,RU,2020-10-23 18:03:53,54.43,119.93,21.04,93,0,1.63
516,Rock Sound,BS,2020-10-23 18:03:54,24.9,-76.2,80.38,70,0,13.53
517,Linxi,CN,2020-10-23 18:03:56,39.7,118.43,44.4,52,0,4.74
518,Pervomayskiy,RU,2020-10-23 18:03:56,53.25,40.29,54.52,82,100,15.52
519,Palaikastron,GR,2020-10-23 18:03:56,35.2,26.25,71.01,66,0,11.99
520,Mangrol,IN,2020-10-23 18:03:57,21.12,70.12,82.58,61,1,7.43
521,Sawtell,AU,2020-10-23 18:03:58,-30.38,153.1,69.8,77,90,12.75
522,Ormstown,CA,2020-10-23 18:01:10,45.13,-74.0,71.01,64,75,3.94
523,Dunmanway,IE,2020-10-23 18:03:59,51.72,-9.12,51.8,87,40,8.05
524,Banda Aceh,ID,2020-10-23 18:04:00,5.56,95.32,81.09,75,99,6.64
525,Makakilo City,US,2020-10-23 18:04:00,21.35,-158.09,80.6,78,75,9.17
526,Inuvik,CA,2020-10-23 18:04:00,68.35,-133.72,28.4,92,90,2.24
527,Wad Madani,SD,2020-10-23 18:04:01,14.4,33.52,93.97,24,70,3.33
528,Namatanai,PG,2020-10-23 18:04:01,-3.67,152.43,79.43,70,3,2.66
529,Broome,US,2020-10-23 18:04:01,42.25,-75.83,77.0,64,1,13.87
530,Stillwater,US,2020-10-23 18:04:01,36.12,-97.06,46.99,65,90,18.34
531,Muisne,EC,2020-10-23 18:04:01,0.6,-80.03,82.4,74,75,6.93
532,Along,IN,2020-10-23 18:04:02,28.17,94.77,65.86,90,100,1.59
533,Menongue,AO,2020-10-23 18:04:02,-14.66,17.69,75.34,42,76,1.19
534,Korla,CN,2020-10-23 18:04:02,41.76,86.15,49.55,41,0,5.01
535,Buta,CD,2020-10-23 18:04:03,2.79,24.73,71.64,88,94,1.54
536,Sao Joao Da Barra,BR,2020-10-23 18:04:03,-21.64,-41.05,80.6,54,75,11.41
537,Moron,AR,2020-10-23 18:04:03,-34.65,-58.62,73.0,83,90,4.7
538,Ahuimanu,US,2020-10-23 18:04:03,21.44,-157.84,78.8,78,75,5.26
539,Chkalovskoye,RU,2020-10-23 18:04:04,44.84,133.04,33.1,88,79,17.36
540,Minot,US,2020-10-23 18:04:04,48.23,-101.3,24.8,68,1,16.11
541,Eufaula,US,2020-10-23 18:01:53,31.89,-85.15,82.99,74,8,1.01
542,Ramanuj Ganj,IN,2020-10-23 18:04:04,23.8,83.7,69.49,83,1,2.93
543,Najran,SA,2020-10-23 18:04:05,17.49,44.13,75.2,19,0,4.7
544,Chumikan,RU,2020-10-23 18:04:05,54.72,135.31,30.0,86,84,8.28
545,Houma,US,2020-10-23 18:04:05,29.6,-90.72,84.2,74,75,8.05
546,Haines Junction,CA,2020-10-23 18:04:05,60.75,-137.51,18.97,85,5,1.41
547,Katete,UG,2020-10-23 18:04:06,-0.78,29.75,63.41,95,96,3.6
548,Kismayo,SO,2020-10-23 18:04:06,-0.36,42.55,80.69,82,65,15.99
549,Nakhon Phanom,TH,2020-10-23 18:04:06,17.33,104.42,63.1,73,98,4.43
550,Kichera,RU,2020-10-23 18:04:07,55.94,110.1,33.76,83,19,1.79
551,Raga,SS,2020-10-23 18:04:07,8.46,25.68,72.27,86,76,0.85
552,Sena Madureira,BR,2020-10-23 18:00:26,-9.07,-68.66,77.94,78,98,1.48
553,Reconquista,AR,2020-10-23 18:02:02,-29.15,-59.65,88.56,53,100,5.21
554,Morgaushi,RU,2020-10-23 18:04:07,55.96,46.77,42.8,100,90,8.95
555,Boende,CD,2020-10-23 18:04:08,-0.22,20.87,75.47,85,79,1.39
